keyword,lunghezza,intestazione,VALIDA?
offerta,lunga,si,si
offerta,lunga,no,si
offerta,corta,no,no
offerta,media,si,si
money,media,no,no
money,lunga,si,no
money,corta,no,no
viagra,lunga,si,no
viagra,lunga,no,si
viagra,media,no,no
offerta,lunga,si,si
offerta,lunga,no,si
offerta,corta,no,no
offerta,media,si,si
money,media,no,no
money,lunga,si,no
money,corta,no,no
viagra,lunga,si,no
viagra,lunga,no,si
viagra,media,no,no
offerta,lunga,si,si
offerta,lunga,no,si
offerta,corta,no,no
offerta,media,si,si
money,media,no,no
money,lunga,si,no
money,corta,no,no
viagra,lunga,si,no
viagra,lunga,no,si
viagra,media,no,no
offerta,lunga,si,si
offerta,lunga,no,si
offerta,corta,no,no
offerta,media,si,si
money,media,no,no
money,lunga,si,no
money,corta,no,no
viagra,lunga,si,no
viagra,lunga,no,si
viagra,media,no,no
offerta,lunga,si,si
offerta,lunga,no,si
offerta,corta,no,no
offerta,media,si,si
money,media,no,no
money,lunga,si,no
money,corta,no,no
viagra,lunga,si,no
viagra,lunga,no,si
viagra,media,no,no
offerta,lunga,si,si
offerta,lunga,no,si
offerta,corta,no,no
offerta,media,si,si
money,media,no,no
money,lunga,si,no
money,corta,no,no
viagra,lunga,si,no
viagra,lunga,no,si
viagra,media,no,no
offerta,lunga,si,si
offerta,lunga,no,si
offerta,corta,no,no
offerta,media,si,si
money,media,no,no
money,lunga,si,no
money,corta,no,no
viagra,lunga,si,no
viagra,lunga,no,si
viagra,media,no,no
offerta,lunga,si,si
offerta,lunga,no,si
offerta,corta,no,no
offerta,media,si,si
money,media,no,no
money,lunga,si,no
money,corta,no,no
viagra,lunga,si,no
viagra,lunga,no,si
viagra,media,no,no
offerta,lunga,si,si
offerta,lunga,no,si
offerta,corta,no,no
offerta,media,si,si
money,media,no,no
money,lunga,si,no
money,corta,no,no
viagra,lunga,si,no
viagra,lunga,no,si
viagra,media,no,no
offerta,lunga,si,si
offerta,lunga,no,si
offerta,corta,no,no
offerta,media,si,si
money,media,no,no
money,lunga,si,no
money,corta,no,no
viagra,lunga,si,no
viagra,lunga,no,si
viagra,media,no,no
offerta,lunga,si,si
offerta,lunga,no,si
offerta,corta,no,no
offerta,media,si,si
money,media,no,no
money,lunga,si,no
money,corta,no,no
viagra,lunga,si,no
viagra,lunga,no,si
viagra,media,no,no
offerta,lunga,si,si
offerta,lunga,no,si
offerta,corta,no,no
offerta,media,si,si
money,media,no,no
money,lunga,si,no
money,corta,no,no
viagra,lunga,si,no
viagra,lunga,no,si
viagra,media,no,no
offerta,lunga,si,si
offerta,lunga,no,si
offerta,corta,no,no
offerta,media,si,si
money,media,no,no
money,lunga,si,no
money,corta,no,no
viagra,lunga,si,no
viagra,lunga,no,si
viagra,media,no,no
offerta,lunga,si,si
offerta,lunga,no,si
offerta,corta,no,no
offerta,media,si,si
money,media,no,no
money,lunga,si,no
money,corta,no,no
viagra,lunga,si,no
viagra,lunga,no,si
viagra,media,no,no
offerta,lunga,si,si
offerta,lunga,no,si
offerta,corta,no,no
offerta,media,si,si
money,media,no,no
money,lunga,si,no
money,corta,no,no
viagra,lunga,si,no
viagra,lunga,no,si
viagra,media,no,no
offerta,lunga,si,si
offerta,lunga,no,si
offerta,corta,no,no
offerta,media,si,si
money,media,no,no
money,lunga,si,no
money,corta,no,no
viagra,lunga,si,no
viagra,lunga,no,si
viagra,media,no,no
offerta,lunga,si,si
offerta,lunga,no,si
offerta,corta,no,no
offerta,media,si,si
money,media,no,no
money,lunga,si,no
money,corta,no,no
viagra,lunga,si,no
viagra,lunga,no,si
viagra,media,no,no
offerta,lunga,si,si
offerta,lunga,no,si
offerta,corta,no,no
offerta,media,si,si
money,media,no,no
money,lunga,si,no
money,corta,no,no
viagra,lunga,si,no
viagra,lunga,no,si
viagra,media,no,no
offerta,lunga,si,si
offerta,lunga,no,si
offerta,corta,no,no
offerta,media,si,si
money,media,no,no
money,lunga,si,no
money,corta,no,no
viagra,lunga,si,no
viagra,lunga,no,si
viagra,media,no,no
offerta,lunga,si,si
offerta,lunga,no,si
offerta,corta,no,no
offerta,media,si,si
money,media,no,no
money,lunga,si,no
money,corta,no,no
viagra,lunga,si,no
viagra,lunga,no,si
viagra,media,no,no
offerta,lunga,si,si
offerta,lunga,no,si
offerta,corta,no,no
offerta,media,si,si
money,media,no,no
money,lunga,si,no
money,corta,no,no
viagra,lunga,si,no
viagra,lunga,no,si
viagra,media,no,no
offerta,lunga,si,si
offerta,lunga,no,si
offerta,corta,no,no
offerta,media,si,si
money,media,no,no
money,lunga,si,no
money,corta,no,no
viagra,lunga,si,no
viagra,lunga,no,si
viagra,media,no,no
offerta,lunga,si,si
offerta,lunga,no,si
offerta,corta,no,no
offerta,media,si,si
money,media,no,no
money,lunga,si,no
money,corta,no,no
viagra,lunga,si,no
viagra,lunga,no,si
viagra,media,no,no
offerta,lunga,si,si
offerta,lunga,no,si
offerta,corta,no,no
offerta,media,si,si
money,media,no,no
money,lunga,si,no
money,corta,no,no
viagra,lunga,si,no
viagra,lunga,no,si
viagra,media,no,no
offerta,lunga,si,si
offerta,lunga,no,si
offerta,corta,no,no
offerta,media,si,si
money,media,no,no
money,lunga,si,no
money,corta,no,no
viagra,lunga,si,no
viagra,lunga,no,si
viagra,media,no,no
offerta,lunga,si,si
offerta,lunga,no,si
offerta,corta,no,no
offerta,media,si,si
money,media,no,no
money,lunga,si,no
money,corta,no,no
viagra,lunga,si,no
viagra,lunga,no,si
viagra,media,no,no
offerta,lunga,si,si
offerta,lunga,no,si
offerta,corta,no,no
offerta,media,si,si
money,media,no,no
money,lunga,si,no
money,corta,no,no
viagra,lunga,si,no
viagra,lunga,no,si
viagra,media,no,no
offerta,lunga,si,si
offerta,lunga,no,si
offerta,corta,no,no
offerta,media,si,si
money,media,no,no
money,lunga,si,no
money,corta,no,no
viagra,lunga,si,no
viagra,lunga,no,si
viagra,media,no,no
offerta,lunga,si,si
offerta,lunga,no,si
offerta,corta,no,no
offerta,media,si,si
money,media,no,no
money,lunga,si,no
money,corta,no,no
viagra,lunga,si,no
viagra,lunga,no,si
viagra,media,no,no
offerta,lunga,si,si
offerta,lunga,no,si
offerta,corta,no,no
offerta,media,si,si
money,media,no,no
money,lunga,si,no
money,corta,no,no
viagra,lunga,si,no
viagra,lunga,no,si
viagra,media,no,no
offerta,lunga,si,si
offerta,lunga,no,si
offerta,corta,no,no
offerta,media,si,si
money,media,no,no
money,lunga,si,no
money,corta,no,no
viagra,lunga,si,no
viagra,lunga,no,si
viagra,media,no,no
offerta,lunga,si,si
offerta,lunga,no,si
offerta,corta,no,no
offerta,media,si,si
money,media,no,no
money,lunga,si,no
money,corta,no,no
viagra,lunga,si,no
viagra,lunga,no,si
viagra,media,no,no
offerta,lunga,si,si
offerta,lunga,no,si
offerta,corta,no,no
offerta,media,si,si
money,media,no,no
money,lunga,si,no
money,corta,no,no
viagra,lunga,si,no
viagra,lunga,no,si
viagra,media,no,no
offerta,lunga,si,si
offerta,lunga,no,si
offerta,corta,no,no
offerta,media,si,si
money,media,no,no
money,lunga,si,no
money,corta,no,no
viagra,lunga,si,no
viagra,lunga,no,si
viagra,media,no,no
offerta,lunga,si,si
offerta,lunga,no,si
offerta,corta,no,no
offerta,media,si,si
money,media,no,no
money,lunga,si,no
money,corta,no,no
viagra,lunga,si,no
viagra,lunga,no,si
viagra,media,no,no
offerta,lunga,si,si
offerta,lunga,no,si
offerta,corta,no,no
offerta,media,si,si
money,media,no,no
money,lunga,si,no
money,corta,no,no
viagra,lunga,si,no
viagra,lunga,no,si
viagra,media,no,no
offerta,lunga,si,si
offerta,lunga,no,si
offerta,corta,no,no
offerta,media,si,si
money,media,no,no
money,lunga,si,no
money,corta,no,no
viagra,lunga,si,no
viagra,lunga,no,si
viagra,media,no,no
offerta,lunga,si,si
offerta,lunga,no,si
offerta,corta,no,no
offerta,media,si,si
money,media,no,no
money,lunga,si,no
money,corta,no,no
viagra,lunga,si,no
viagra,lunga,no,si
viagra,media,no,no
offerta,lunga,si,si
offerta,lunga,no,si
offerta,corta,no,no
offerta,media,si,si
money,media,no,no
money,lunga,si,no
money,corta,no,no
viagra,lunga,si,no
viagra,lunga,no,si
viagra,media,no,no
offerta,lunga,si,si
offerta,lunga,no,si
offerta,corta,no,no
offerta,media,si,si
money,media,no,no
money,lunga,si,no
money,corta,no,no
viagra,lunga,si,no
viagra,lunga,no,si
viagra,media,no,no
offerta,lunga,si,si
offerta,lunga,no,si
offerta,corta,no,no
offerta,media,si,si
money,media,no,no
money,lunga,si,no
money,corta,no,no
viagra,lunga,si,no
viagra,lunga,no,si
viagra,media,no,no
offerta,lunga,si,si
offerta,lunga,no,si
offerta,corta,no,no
offerta,media,si,si
money,media,no,no
money,lunga,si,no
money,corta,no,no
viagra,lunga,si,no
viagra,lunga,no,si
viagra,media,no,no
offerta,lunga,si,si
offerta,lunga,no,si
offerta,corta,no,no
offerta,media,si,si
money,media,no,no
money,lunga,si,no
money,corta,no,no
viagra,lunga,si,no
viagra,lunga,no,si
viagra,media,no,no
offerta,lunga,si,si
offerta,lunga,no,si
offerta,corta,no,no
offerta,media,si,si
money,media,no,no
money,lunga,si,no
money,corta,no,no
viagra,lunga,si,no
viagra,lunga,no,si
viagra,media,no,no
offerta,lunga,si,si
offerta,lunga,no,si
offerta,corta,no,no
offerta,media,si,si
money,media,no,no
money,lunga,si,no
money,corta,no,no
viagra,lunga,si,no
viagra,lunga,no,si
viagra,media,no,no
offerta,lunga,si,si
offerta,lunga,no,si
offerta,corta,no,no
offerta,media,si,si
money,media,no,no
money,lunga,si,no
money,corta,no,no
viagra,lunga,si,no
viagra,lunga,no,si
viagra,media,no,no
offerta,lunga,si,si
offerta,lunga,no,si
offerta,corta,no,no
offerta,media,si,si
money,media,no,no
money,lunga,si,no
money,corta,no,no
viagra,lunga,si,no
viagra,lunga,no,si
viagra,media,no,no
offerta,lunga,si,si
offerta,lunga,no,si
offerta,corta,no,no
offerta,media,si,si
money,media,no,no
money,lunga,si,no
money,corta,no,no
viagra,lunga,si,no
viagra,lunga,no,si
viagra,media,no,no
offerta,lunga,si,si
offerta,lunga,no,si
offerta,corta,no,no
offerta,media,si,si
money,media,no,no
money,lunga,si,no
money,corta,no,no
viagra,lunga,si,no
viagra,lunga,no,si
viagra,media,no,no
offerta,lunga,si,si
offerta,lunga,no,si
offerta,corta,no,no
offerta,media,si,si
money,media,no,no
money,lunga,si,no
money,corta,no,no
viagra,lunga,si,no
viagra,lunga,no,si
viagra,media,no,no
offerta,lunga,si,si
offerta,lunga,no,si
offerta,corta,no,no
offerta,media,si,si
money,media,no,no
money,lunga,si,no
money,corta,no,no
viagra,lunga,si,no
viagra,lunga,no,si
viagra,media,no,no
offerta,lunga,si,si
offerta,lunga,no,si
offerta,corta,no,no
offerta,media,si,si
money,media,no,no
money,lunga,si,no
money,corta,no,no
viagra,lunga,si,no
viagra,lunga,no,si
viagra,media,no,no
offerta,lunga,si,si
offerta,lunga,no,si
offerta,corta,no,no
offerta,media,si,si
money,media,no,no
money,lunga,si,no
money,corta,no,no
viagra,lunga,si,no
viagra,lunga,no,si
viagra,media,no,no
offerta,lunga,si,si
offerta,lunga,no,si
offerta,corta,no,no
offerta,media,si,si
money,media,no,no
money,lunga,si,no
money,corta,no,no
viagra,lunga,si,no
viagra,lunga,no,si
viagra,media,no,no
offerta,lunga,si,si
offerta,lunga,no,si
offerta,corta,no,no
offerta,media,si,si
money,media,no,no
money,lunga,si,no
money,corta,no,no
viagra,lunga,si,no
viagra,lunga,no,si
viagra,media,no,no
offerta,lunga,si,si
offerta,lunga,no,si
offerta,corta,no,no
offerta,media,si,si
money,media,no,no
money,lunga,si,no
money,corta,no,no
viagra,lunga,si,no
viagra,lunga,no,si
viagra,media,no,no
offerta,lunga,si,si
offerta,lunga,no,si
offerta,corta,no,no
offerta,media,si,si
money,media,no,no
money,lunga,si,no
money,corta,no,no
viagra,lunga,si,no
viagra,lunga,no,si
viagra,media,no,no
offerta,lunga,si,si
offerta,lunga,no,si
offerta,corta,no,no
offerta,media,si,si
money,media,no,no
money,lunga,si,no
money,corta,no,no
viagra,lunga,si,no
viagra,lunga,no,si
viagra,media,no,no
offerta,lunga,si,si
offerta,lunga,no,si
offerta,corta,no,no
offerta,media,si,si
money,media,no,no
money,lunga,si,no
money,corta,no,no
viagra,lunga,si,no
viagra,lunga,no,si
viagra,media,no,no
offerta,lunga,si,si
offerta,lunga,no,si
offerta,corta,no,no
offerta,media,si,si
money,media,no,no
money,lunga,si,no
money,corta,no,no
viagra,lunga,si,no
viagra,lunga,no,si
viagra,media,no,no
offerta,lunga,si,si
offerta,lunga,no,si
offerta,corta,no,no
offerta,media,si,si
money,media,no,no
money,lunga,si,no
money,corta,no,no
viagra,lunga,si,no
viagra,lunga,no,si
viagra,media,no,no
offerta,lunga,si,si
offerta,lunga,no,si
offerta,corta,no,no
offerta,media,si,si
money,media,no,no
money,lunga,si,no
money,corta,no,no
viagra,lunga,si,no
viagra,lunga,no,si
viagra,media,no,no
offerta,lunga,si,si
offerta,lunga,no,si
offerta,corta,no,no
offerta,media,si,si
money,media,no,no
money,lunga,si,no
money,corta,no,no
viagra,lunga,si,no
viagra,lunga,no,si
viagra,media,no,no
offerta,lunga,si,si
offerta,lunga,no,si
offerta,corta,no,no
offerta,media,si,si
money,media,no,no
money,lunga,si,no
money,corta,no,no
viagra,lunga,si,no
viagra,lunga,no,si
viagra,media,no,no
offerta,lunga,si,si
offerta,lunga,no,si
offerta,corta,no,no
offerta,media,si,si
money,media,no,no
money,lunga,si,no
money,corta,no,no
viagra,lunga,si,no
viagra,lunga,no,si
viagra,media,no,no
offerta,lunga,si,si
offerta,lunga,no,si
offerta,corta,no,no
offerta,media,si,si
money,media,no,no
money,lunga,si,no
money,corta,no,no
viagra,lunga,si,no
viagra,lunga,no,si
viagra,media,no,no
offerta,lunga,si,si
offerta,lunga,no,si
offerta,corta,no,no
offerta,media,si,si
money,media,no,no
money,lunga,si,no
money,corta,no,no
viagra,lunga,si,no
viagra,lunga,no,si
viagra,media,no,no
offerta,lunga,si,si
offerta,lunga,no,si
offerta,corta,no,no
offerta,media,si,si
money,media,no,no
money,lunga,si,no
money,corta,no,no
viagra,lunga,si,no
viagra,lunga,no,si
viagra,media,no,no
offerta,lunga,si,si
offerta,lunga,no,si
offerta,corta,no,no
offerta,media,si,si
money,media,no,no
money,lunga,si,no
money,corta,no,no
viagra,lunga,si,no
viagra,lunga,no,si
viagra,media,no,no
offerta,lunga,si,si
offerta,lunga,no,si
offerta,corta,no,no
offerta,media,si,si
money,media,no,no
money,lunga,si,no
money,corta,no,no
viagra,lunga,si,no
viagra,lunga,no,si
viagra,media,no,no
offerta,lunga,si,si
offerta,lunga,no,si
offerta,corta,no,no
offerta,media,si,si
money,media,no,no
money,lunga,si,no
money,corta,no,no
viagra,lunga,si,no
viagra,lunga,no,si
viagra,media,no,no
offerta,lunga,si,si
offerta,lunga,no,si
offerta,corta,no,no
offerta,media,si,si
money,media,no,no
money,lunga,si,no
money,corta,no,no
viagra,lunga,si,no
viagra,lunga,no,si
viagra,media,no,no
offerta,lunga,si,si
offerta,lunga,no,si
offerta,corta,no,no
offerta,media,si,si
money,media,no,no
money,lunga,si,no
money,corta,no,no
viagra,lunga,si,no
viagra,lunga,no,si
viagra,media,no,no
offerta,lunga,si,si
offerta,lunga,no,si
offerta,corta,no,no
offerta,media,si,si
money,media,no,no
money,lunga,si,no
money,corta,no,no
viagra,lunga,si,no
viagra,lunga,no,si
viagra,media,no,no
offerta,lunga,si,si
offerta,lunga,no,si
offerta,corta,no,no
offerta,media,si,si
money,media,no,no
money,lunga,si,no
money,corta,no,no
viagra,lunga,si,no
viagra,lunga,no,si
viagra,media,no,no
offerta,lunga,si,si
offerta,lunga,no,si
offerta,corta,no,no
offerta,media,si,si
money,media,no,no
money,lunga,si,no
money,corta,no,no
viagra,lunga,si,no
viagra,lunga,no,si
viagra,media,no,no
offerta,lunga,si,si
offerta,lunga,no,si
offerta,corta,no,no
offerta,media,si,si
money,media,no,no
money,lunga,si,no
money,corta,no,no
viagra,lunga,si,no
viagra,lunga,no,si
viagra,media,no,no
offerta,lunga,si,si
offerta,lunga,no,si
offerta,corta,no,no
offerta,media,si,si
money,media,no,no
money,lunga,si,no
money,corta,no,no
viagra,lunga,si,no
viagra,lunga,no,si
viagra,media,no,no
offerta,lunga,si,si
offerta,lunga,no,si
offerta,corta,no,no
offerta,media,si,si
money,media,no,no
money,lunga,si,no
money,corta,no,no
viagra,lunga,si,no
viagra,lunga,no,si
viagra,media,no,no
offerta,lunga,si,si
offerta,lunga,no,si
offerta,corta,no,no
offerta,media,si,si
money,media,no,no
money,lunga,si,no
money,corta,no,no
viagra,lunga,si,no
viagra,lunga,no,si
viagra,media,no,no
offerta,lunga,si,si
offerta,lunga,no,si
offerta,corta,no,no
offerta,media,si,si
money,media,no,no
money,lunga,si,no
money,corta,no,no
viagra,lunga,si,no
viagra,lunga,no,si
viagra,media,no,no
offerta,lunga,si,si
offerta,lunga,no,si
offerta,corta,no,no
offerta,media,si,si
money,media,no,no
money,lunga,si,no
money,corta,no,no
viagra,lunga,si,no
viagra,lunga,no,si
viagra,media,no,no
offerta,lunga,si,si
offerta,lunga,no,si
offerta,corta,no,no
offerta,media,si,si
money,media,no,no
money,lunga,si,no
money,corta,no,no
viagra,lunga,si,no
viagra,lunga,no,si
viagra,media,no,no
offerta,lunga,si,si
offerta,lunga,no,si
offerta,corta,no,no
offerta,media,si,si
money,media,no,no
money,lunga,si,no
money,corta,no,no
viagra,lunga,si,no
viagra,lunga,no,si
viagra,media,no,no
offerta,lunga,si,si
offerta,lunga,no,si
offerta,corta,no,no
offerta,media,si,si
money,media,no,no
money,lunga,si,no
money,corta,no,no
viagra,lunga,si,no
viagra,lunga,no,si
viagra,media,no,no
offerta,lunga,si,si
offerta,lunga,no,si
offerta,corta,no,no
offerta,media,si,si
money,media,no,no
money,lunga,si,no
money,corta,no,no
viagra,lunga,si,no
viagra,lunga,no,si
viagra,media,no,no
offerta,lunga,si,si
offerta,lunga,no,si
offerta,corta,no,no
offerta,media,si,si
money,media,no,no
money,lunga,si,no
money,corta,no,no
viagra,lunga,si,no
viagra,lunga,no,si
viagra,media,no,no
offerta,lunga,si,si
offerta,lunga,no,si
offerta,corta,no,no
offerta,media,si,si
money,media,no,no
money,lunga,si,no
money,corta,no,no
viagra,lunga,si,no
viagra,lunga,no,si
viagra,media,no,no
offerta,lunga,si,si
offerta,lunga,no,si
offerta,corta,no,no
offerta,media,si,si
money,media,no,no
money,lunga,si,no
money,corta,no,no
viagra,lunga,si,no
viagra,lunga,no,si
viagra,media,no,no
offerta,lunga,si,si
offerta,lunga,no,si
offerta,corta,no,no
offerta,media,si,si
money,media,no,no
money,lunga,si,no
money,corta,no,no
viagra,lunga,si,no
viagra,lunga,no,si
viagra,media,no,no
offerta,lunga,si,si
offerta,lunga,no,si
offerta,corta,no,no
offerta,media,si,si
money,media,no,no
money,lunga,si,no
money,corta,no,no
viagra,lunga,si,no
viagra,lunga,no,si
viagra,media,no,no
offerta,lunga,si,si
offerta,lunga,no,si
offerta,corta,no,no
offerta,media,si,si
money,media,no,no
money,lunga,si,no
money,corta,no,no
viagra,lunga,si,no
viagra,lunga,no,si
viagra,media,no,no
offerta,lunga,si,si
offerta,lunga,no,si
offerta,corta,no,no
offerta,media,si,si
money,media,no,no
money,lunga,si,no
money,corta,no,no
viagra,lunga,si,no
viagra,lunga,no,si
viagra,media,no,no
offerta,lunga,si,si
offerta,lunga,no,si
offerta,corta,no,no
offerta,media,si,si
money,media,no,no
money,lunga,si,no
money,corta,no,no
viagra,lunga,si,no
viagra,lunga,no,si
viagra,media,no,no
offerta,lunga,si,si
offerta,lunga,no,si
offerta,corta,no,no
offerta,media,si,si
money,media,no,no
money,lunga,si,no
money,corta,no,no
viagra,lunga,si,no
viagra,lunga,no,si
viagra,media,no,no
offerta,lunga,si,si
offerta,lunga,no,si
offerta,corta,no,no
offerta,media,si,si
money,media,no,no
money,lunga,si,no
money,corta,no,no
viagra,lunga,si,no
viagra,lunga,no,si
viagra,media,no,no
offerta,lunga,si,si
offerta,lunga,no,si
offerta,corta,no,no
offerta,media,si,si
money,media,no,no
money,lunga,si,no
money,corta,no,no
viagra,lunga,si,no
viagra,lunga,no,si
viagra,media,no,no
offerta,lunga,si,si
offerta,lunga,no,si
offerta,corta,no,no
offerta,media,si,si
money,media,no,no
money,lunga,si,no
money,corta,no,no
viagra,lunga,si,no
viagra,lunga,no,si
viagra,media,no,no
offerta,lunga,si,si
offerta,lunga,no,si
offerta,corta,no,no
offerta,media,si,si
money,media,no,no
money,lunga,si,no
money,corta,no,no
viagra,lunga,si,no
viagra,lunga,no,si
viagra,media,no,no
offerta,lunga,si,si
offerta,lunga,no,si
offerta,corta,no,no
offerta,media,si,si
money,media,no,no
money,lunga,si,no
money,corta,no,no
viagra,lunga,si,no
viagra,lunga,no,si
viagra,media,no,no
